energy0,correlation0,homogeneity0,contrast0,energy45,correlation45,homogeneity45,contrast45,energy90,correlation90,homogeneity90,contrast90,energy135,correlation135,homogeneity135,contrast135,asym,border,color,diameter,label
0.44002695799999997,0.9873132459999999,0.876831123,58.91959917,0.43752638200000005,0.9809373990000001,0.8292859859999999,88.50488727,0.439022665,0.9847817740000001,0.862218004,70.6687944,0.437373399,0.979830091,0.830626009,93.64595684,7.78e-06,16366.94274,0.021011738,565.364132,mls
0.32852285800000003,0.961991354,0.766172197,87.76024096,0.326386709,0.962305262,0.726479233,86.90168884,0.331536597,0.976303556,0.811280566,54.77062999,0.325154732,0.950489823,0.72304637,114.1410767,1.62e-05,4572.983745,0.083267791,294.0959631,mls
0.328545336,0.973316016,0.8159810679999999,88.99174078,0.323067969,0.955650773,0.738846874,147.45042980000002,0.32784166,0.970674035,0.803090649,97.7606557,0.32480917800000003,0.96819403,0.77129611,105.74714070000002,1.12e-05,3259.533423,0.119282075,264.98177519999996,mls
0.2562777,0.981375441,0.8581173790000001,64.2159945,0.251838347,0.972169697,0.80000814,95.62726556,0.255848795,0.9807936159999999,0.856092011,66.18371529999999,0.252077251,0.973593409,0.805094229,90.73527005,5.38e-06,11659.430540000001,0.060256632000000004,502.66347379999996,mls
0.29945392,0.9763654,0.8029041179999999,73.57177475,0.295586206,0.965048114,0.742211845,108.5305379,0.299521322,0.974357763,0.80950452,79.78868957,0.296180657,0.967294422,0.7521065029999999,101.5554325,7.61e-06,8230.659198000001,0.09635298199999999,408.7038565,mls
0.307983595,0.979919256,0.8304196009999999,83.28117708,0.30289564,0.962489727,0.7335981779999999,155.20528180000002,0.30603168199999997,0.972853726,0.7813744909999999,112.5132178,0.303906314,0.9702977629999999,0.760442125,122.89817120000001,8.39e-06,8510.523337,0.069114677,412.4221997,mls
0.412759053,0.983404333,0.849811942,84.2313058,0.41050749700000005,0.977252751,0.8104134890000001,115.40418149999999,0.412691508,0.982574469,0.8457667659999999,88.44580532,0.410049903,0.974556098,0.789382472,129.0851751,1.63e-05,8442.649705,0.068594628,433.1139058,mls
0.336617162,0.9894873259999999,0.852096382,46.69484916,0.334085686,0.9826125109999999,0.787654968,77.16156094,0.33569016700000004,0.986197584,0.8294463409999999,61.29219961,0.334372777,0.9839716629999999,0.8006880129999999,71.12996527,3.05e-06,28061.072589999996,0.037045769,729.8380528,mls
0.377051242,0.9795696620000001,0.8698185429999999,51.14657425,0.373179286,0.9691791759999999,0.8081804140000001,77.06897538,0.375960601,0.975812276,0.848793945,60.5409292,0.37362431700000004,0.971060625,0.831932973,72.36431906,8.19e-06,6518.674956,0.101738522,369.8950141,mls
0.37565968200000005,0.9794893920000001,0.869638183,51.29553223,0.371763031,0.969007263,0.807761057,77.41922807,0.374563456,0.9757586690000001,0.848432812,60.61454662,0.37223144799999996,0.970990171,0.832095189,72.46596491,8.2e-06,6525.243614999999,0.10128016699999999,369.9070615,mls
0.35911203799999997,0.9890165809999999,0.869247678,39.93890676,0.35633754799999995,0.9833910690000001,0.8223399029999999,60.326549699999994,0.358144169,0.984707562,0.858075244,55.58557663,0.35587804,0.97965515,0.811509542,73.89606487,5.58e-06,21086.60804,0.037357713,661.5545695000001,mls
0.290070276,0.987830551,0.87411354,59.73308097,0.286571876,0.983310562,0.832342386,81.73977165,0.290178852,0.988076512,0.878275538,58.52051994,0.286399603,0.9829052420000001,0.830746505,83.72490733,4.71e-06,19533.88241,0.052571285999999995,633.9683649,mls
0.298514858,0.977916815,0.879023853,85.74307804,0.292707816,0.965600343,0.8139691729999999,133.0190149,0.297424948,0.974754542,0.8646426420000001,97.97307959999999,0.294410225,0.970932097,0.844404356,112.4018119,1.13e-05,3432.969292,0.12325383699999999,294.79216180000003,mls
0.338702801,0.98411362,0.822331512,82.53195967,0.336174315,0.9761151690000001,0.776343965,123.95749270000002,0.33928470899999996,0.984818332,0.8515605759999999,78.87671249,0.33688107799999994,0.980071192,0.79579273,103.4265252,1.11e-05,13323.667440000001,0.058861448,535.8922024,mls
0.333631597,0.983343161,0.8733122040000001,77.84049587,0.329532571,0.9720174220000001,0.806113833,130.5331541,0.33253684,0.979164712,0.848837996,97.34001508,0.330147368,0.97582918,0.8141942040000001,112.75206259999999,8.73e-06,7599.710932999999,0.073404451,419.8601688999999,mls
0.329622343,0.986850672,0.850276024,48.71980558,0.326826642,0.979524053,0.796776962,75.77137432,0.328967163,0.98550618,0.836699999,53.68851189,0.32703336,0.982527706,0.794114058,64.65633911,2.79e-06,21878.52406,0.052834177,639.0432732999999,mls
0.272494326,0.97533296,0.8224490659999999,86.64436642,0.265848912,0.950328673,0.70699114,173.87660019999998,0.269416704,0.963790415,0.759015551,127.0235778,0.267360899,0.963544143,0.7483983059999999,127.615284,1.15e-05,5815.171464999999,0.075434995,345.5457394,mls
0.305173302,0.981552103,0.827748831,96.10832825,0.30234846,0.976303987,0.7856336190000001,123.21130330000001,0.305653108,0.9825254609999999,0.839776092,91.04440501,0.302336282,0.974844435,0.787009087,130.8004838,2.54e-06,12402.99282,0.058355070999999994,512.3711241000001,mls
0.28404813100000004,0.969574523,0.787985775,125.2960101,0.27887086699999997,0.9544901990000001,0.696464486,186.75035549999998,0.2825904,0.9647945920000001,0.746393878,144.9086189,0.278708196,0.952994485,0.711332662,192.8880466,1.98e-05,3719.3912619999996,0.10601898900000001,299.48211969999994,mls
0.307853257,0.981938175,0.810400259,84.07407407,0.304635652,0.9730677320000001,0.752176927,125.12261059999999,0.30826889399999996,0.982796708,0.82220954,80.08529445,0.305445264,0.978027182,0.769790181,102.0818752,1.5399999999999998e-05,11125.33487,0.06881801,470.3284159,mls
0.29006391,0.922941573,0.673168443,224.70764619999997,0.284582567,0.9029454709999999,0.636104167,281.8203584,0.293812835,0.947897228,0.7201519270000001,152.30648440000002,0.286305562,0.920580482,0.641562899,230.61301009999997,8.329999999999999e-05,1642.581415,0.18099977,173.469719,mls
0.37940550700000003,0.98084406,0.855005503,78.09426742,0.375247341,0.9703603670000001,0.802748385,120.65475179999999,0.37828894,0.978289765,0.852348733,88.45606525,0.37549737299999997,0.971092286,0.8106318570000001,117.67531159999999,1.32e-05,8164.6990590000005,0.034390618,402.6495799,mls
0.31559107399999997,0.982266601,0.8430943259999999,83.52769674,0.313243767,0.978839992,0.823243728,99.46676697,0.316000416,0.982399626,0.868985204,82.88172994,0.311803398,0.9717627190000001,0.790517018,132.734879,1.65e-05,8087.224898,0.058316585,442.2886506,mls
0.31425839899999997,0.985781742,0.78911924,58.293133,0.311902243,0.980546038,0.725757013,79.66527211,0.31430846,0.9864214659999999,0.7890906740000001,55.66821089999999,0.311984854,0.9805848009999999,0.7323342279999999,79.50653624,8.98e-06,18751.91123,0.061903814,609.8604948,mls
0.271565028,0.9800697759999999,0.797264807,153.37321699999998,0.268627867,0.97482422,0.7480012970000001,193.19920980000003,0.272814236,0.983551365,0.822669931,126.6829699,0.268466833,0.974046194,0.74829055,199.1697862,1e-05,10122.22308,0.05260481,453.7782117,mls
0.399831503,0.968246774,0.826389175,52.60274561,0.39702850700000003,0.956998913,0.7863806870000001,71.19611219,0.40020437200000003,0.9706785309999999,0.833359745,48.56937811,0.397146485,0.9576144190000001,0.7867154390000001,70.17703095,1.86e-05,8224.910257,0.104111519,398.44249160000004,mls
0.34093976299999995,0.973336696,0.7869510279999999,142.75816650000002,0.336808405,0.962620094,0.715393391,199.63256919999998,0.33949091200000003,0.967849651,0.737504873,172.0069572,0.335406432,0.9528235999999999,0.6692511720000001,251.9521,4.16e-05,3322.101668,0.08542778,266.5746527,mls
0.382854111,0.97377869,0.795928005,131.06039270000002,0.381042227,0.972108823,0.795878677,139.28731409999997,0.38389785600000004,0.977543403,0.817373226,112.28117759999998,0.37868027200000004,0.957886793,0.71890555,210.3115065,1.0300000000000001e-05,4347.876378,0.084304354,292.95296260000003,mls
0.36428545700000003,0.9827090890000001,0.831592453,105.8202937,0.36084410299999997,0.9734404329999999,0.761572967,162.3464553,0.363288275,0.979507864,0.798160808,125.3888774,0.360948757,0.9740585209999999,0.762097315,158.5683644,1.1e-05,7446.208509,0.05647522,415.2772608,mls
0.300630132,0.964943942,0.7628209979999999,130.89533889999998,0.296743125,0.955737596,0.718489954,164.7560346,0.30300835800000003,0.9730970520000001,0.793830712,100.58147509999999,0.297060041,0.958337435,0.7119645379999999,155.0787684,3.73e-05,2499.117441,0.128615166,245.1830579,mls
0.299635888,0.970342987,0.8405165490000001,80.12650803,0.291384357,0.948213943,0.7520923890000001,139.1653107,0.296707728,0.961596363,0.801942721,103.6301777,0.292242852,0.95347477,0.75849334,125.02782690000001,3.78e-05,1756.9504949999998,0.181822857,214.0532603,mls
0.566580918,0.967336792,0.923580512,151.9086022,0.557667021,0.948276683,0.883465535,240.89320279999998,0.565182784,0.9610520859999999,0.9249302620000001,181.1584267,0.559367791,0.951496775,0.902535139,225.8961341,5.02e-05,682.2747866000001,0.096118921,100.4510995,mls
0.301583586,0.966652854,0.804526436,109.3727548,0.295335831,0.948073223,0.72786317,169.6027454,0.30054201199999997,0.964461146,0.7769720090000001,116.53168170000001,0.29616129,0.957252515,0.727572753,139.6214296,1.8100000000000003e-05,2014.142179,0.177703125,223.6184471,mls
0.318493039,0.96845679,0.838389242,66.36110674,0.315046118,0.960622193,0.800590983,82.78579152,0.317663425,0.96434272,0.816168241,75.01545285,0.314068689,0.9483447970000001,0.779928925,108.5971318,1.36e-05,11143.82874,0.074374761,472.4487325,mls
0.372496125,0.98862649,0.9061098679999999,90.53020555,0.3679896,0.9811323190000001,0.847785118,149.9650504,0.371306717,0.9872665999999999,0.891851547,101.3137379,0.36951337100000003,0.985119236,0.874017725,118.2760326,4.72e-06,10704.41073,0.028173662000000002,481.7676928,mls
0.281857375,0.977199198,0.8304831570000001,95.50899585,0.278807447,0.9716759620000001,0.7915767029999999,118.3394226,0.282312767,0.980503241,0.835590939,81.69191665,0.278098844,0.969583458,0.7679656140000001,127.08201909999998,8.01e-06,6221.090796,0.084627899,400.4156461,mls
0.33709232299999997,0.9745482670000001,0.830610174,75.90532702,0.33370790699999997,0.9643456029999999,0.780497235,106.2050607,0.337033015,0.974079666,0.827782731,77.31454541,0.334095107,0.966035813,0.791704425,101.1703713,5.8e-06,8713.9729,0.087578396,425.86261579999996,mls
0.44122628799999997,0.9836605140000001,0.889348941,67.39380609,0.438358772,0.978453391,0.852766735,88.8243039,0.441335101,0.98416387,0.889020877,65.3174093,0.437943378,0.9760683920000001,0.848980512,98.65628481,2.62e-05,5896.154754,0.09221343900000001,354.63612689999997,mls
0.287978548,0.9704816890000001,0.799988125,88.29294769,0.283918059,0.961980081,0.739593547,113.4327033,0.288394401,0.9748717179999999,0.8055966059999999,75.18369906,0.283723045,0.9589439759999999,0.737835393,122.4909465,1.3300000000000001e-05,5103.048542,0.10982117599999999,349.1545026,mls
0.39072813799999995,0.98858424,0.8945289890000001,72.10797017,0.38762678700000003,0.982661131,0.862181552,109.3871034,0.38887156,0.98316969,0.870478454,106.2633525,0.386382526,0.97869288,0.825664575,134.4219197,1.34e-05,7541.431955,0.053452492000000004,434.6647784,mls
0.31239571899999996,0.973391217,0.832260353,77.42368996,0.30838256399999997,0.962388325,0.768541082,109.2227209,0.31325284800000003,0.9766365640000001,0.843499728,67.99629535,0.309752615,0.9678292709999999,0.803283992,93.42244232,1.92e-05,6978.386895000001,0.09124628800000001,384.90632650000003,mls
0.422175075,0.9875275379999999,0.8802683020000001,63.72341785,0.419088248,0.979846745,0.828545435,102.90645759999998,0.421230627,0.984730498,0.8693110629999999,78.00193008,0.41935854100000003,0.980958199,0.836438226,97.23115645,7.65e-06,11147.46348,0.04732228,486.25811009999995,mls
0.34164201899999996,0.989082838,0.936360725,67.01027259,0.33771142200000004,0.984882239,0.905683595,92.6045873,0.340326568,0.9869772040000001,0.9265225659999999,79.89125091,0.33672582,0.980865232,0.900807355,117.2109613,1.13e-05,9855.934913,0.034749156,501.1146999,mls
0.310459346,0.97746275,0.846722063,62.06809601,0.305237744,0.9567237959999999,0.7572382209999999,118.99712530000001,0.308789533,0.970380085,0.820053732,81.54425211,0.307169913,0.97029682,0.8078056220000001,81.67520952,5.5e-06,9980.702415,0.071244041,443.68695329999997,mls
0.27614589300000003,0.9699078459999999,0.809864516,57.83439499,0.272867595,0.962101443,0.765195355,72.755422,0.275750115,0.9703710090000001,0.806519942,56.945942,0.27241459,0.95605314,0.76000849,84.36659989,1.87e-06,18126.29005,0.06774295400000001,602.5217217999999,mls
0.42255983799999997,0.979694407,0.8304716520000001,56.77578658,0.41945616700000005,0.9680488740000001,0.785181366,89.30027888,0.42154652600000003,0.9763608029999999,0.820995967,66.09153439,0.419572719,0.970259645,0.775254399,83.12139023,8.08e-06,12846.86384,0.029811125,459.77678099999997,mls
0.548801082,0.9645475729999999,0.818192618,124.43257539999999,0.5455927770000001,0.950577892,0.780124115,173.53510469999998,0.551532523,0.973831698,0.8540829520000001,91.78996876,0.54745632,0.9624951420000001,0.803759908,131.6902442,5.07e-05,4562.300663,0.019573897,221.4384821,mls
0.577743337,0.968800278,0.8372338159999999,87.10298408,0.575386021,0.958211514,0.8032270420000001,116.74110309999999,0.578847192,0.973945905,0.848637058,72.7030249,0.575915461,0.9625750409999999,0.806547679,104.55107029999999,3.65e-05,4203.41736,0.057455244,254.118404,mls
0.25510504100000003,0.977566685,0.8516493340000001,59.51226961,0.24882865,0.960393328,0.782104232,104.5735344,0.252202604,0.965709047,0.8161432059999999,90.79643909,0.24849951899999997,0.957948045,0.7779708479999999,111.0298176,1.17e-05,9263.131706,0.061860773,425.7923499,mls
0.26185704600000004,0.979694872,0.79727708,68.56398415,0.258623715,0.971719668,0.747868025,95.25991218,0.263472432,0.983708978,0.826502845,55.04156659,0.259141092,0.9744680240000001,0.7550644959999999,86.00230570000001,8.96e-06,12673.96618,0.07305623,511.6748524,mls
0.27395038,0.9889824159999999,0.878082048,61.87958285,0.27008207100000003,0.982350422,0.826848386,98.86459079999999,0.273009199,0.9867649829999999,0.8677359109999999,74.29082528,0.26993890800000003,0.983091497,0.820597985,94.71343979,4.5e-06,19010.17824,0.041949707999999995,635.0810266,mls
0.24342433300000002,0.96581818,0.814694618,75.46644930000001,0.23846970399999998,0.9516246420000001,0.7642641020000001,106.50504369999999,0.24274336800000001,0.964317407,0.80962548,78.76479055,0.238221271,0.949771872,0.755640348,110.58417150000001,1.18e-05,9334.472817,0.099519988,443.82467649999995,mls
0.36932178600000004,0.986798512,0.907065427,78.63469472,0.365309354,0.981046541,0.867200697,112.71135159999999,0.36860540299999994,0.984971838,0.907787204,89.49308552,0.36478426700000005,0.9789945179999999,0.869029596,124.9142031,2e-05,4043.401555,0.073197403,377.605981,mls
0.324458701,0.955538698,0.7980799759999999,94.44583671,0.319747047,0.9387466940000001,0.737064512,129.76722809999998,0.32622750699999997,0.964359772,0.816952439,75.7171463,0.32102276,0.951610755,0.772403903,102.514273,4.7499999999999996e-05,2768.009314,0.166192903,242.3731134,mls
0.312751883,0.987820644,0.901581163,78.16510034,0.308572985,0.9819890290000001,0.863411796,115.30343729999998,0.311758009,0.9860293929999999,0.89503939,89.5968554,0.308028327,0.980413765,0.8565280190000001,125.38803200000001,6.96e-06,12713.838459999999,0.04324859599999999,543.3705163,mls
0.253912948,0.9749317479999999,0.821045624,81.68374044,0.250428577,0.9685885470000001,0.772445962,102.0898578,0.25339961899999996,0.9745321659999999,0.8109293409999999,82.96430885,0.249080247,0.9605576990000001,0.736794405,128.1907854,2.08e-05,6171.546218,0.091175114,393.3546608,mls
0.524210316,0.985441415,0.861287809,86.23881352,0.522682521,0.9814662000000001,0.8185957420000001,109.8178506,0.524276148,0.9864378859999999,0.8539513390000001,80.33783106,0.522358891,0.979526015,0.81394551,121.3139799,1.21e-05,13781.08408,0.023971403999999998,526.2930269999999,mls
0.27761619600000004,0.987695352,0.841489618,90.56068512,0.274249585,0.9811552590000001,0.781031562,138.40290890000003,0.276424155,0.986016846,0.816115093,102.9009728,0.273558879,0.9808490540000001,0.759529505,140.6517987,1.67e-06,23516.47207,0.038044375,695.9730742,mls
0.365971689,0.9847379159999999,0.88517444,89.24618501,0.363171677,0.978441325,0.828004937,125.9660562,0.36556821100000003,0.984181159,0.869775533,92.4971969,0.363044729,0.97692128,0.833351574,134.8475884,7.67e-06,10313.01566,0.050279725,542.6706128,mls
0.282417621,0.9812382540000001,0.859834045,83.79670642,0.27684172,0.9679786020000001,0.785666553,142.50027340000003,0.281025535,0.9772982020000001,0.844790065,101.3122186,0.27797241899999997,0.9719115159999999,0.812555569,124.99818700000002,8.19e-06,6377.331277,0.069684358,393.8609059,mls
0.397034903,0.974547895,0.785690936,76.42505517,0.39409411,0.9642489879999999,0.735683978,107.28462809999999,0.396989796,0.974489739,0.7732401990000001,76.60277942,0.394128646,0.965575298,0.711065176,103.304526,2.58e-05,5483.509525,0.08614646,339.4921455,mls
0.35547298299999996,0.98783113,0.89364284,87.49196978,0.352079707,0.981653546,0.847937362,131.7249303,0.35475635200000005,0.985777958,0.884712637,102.23465379999999,0.352153049,0.9815146999999999,0.851965009,132.7218261,3.53e-06,10505.497290000001,0.047696162,527.4131619,mls
0.275448249,0.9775299479999999,0.839313711,96.95921159,0.27104920000000005,0.970183483,0.7910375340000001,128.243968,0.276814816,0.981633263,0.8563507090000001,79.31201663,0.272498272,0.97309355,0.811699587,115.72746219999999,1.36e-05,8319.780843999999,0.083626927,413.125487,mls
0.26025527,0.979567532,0.846122113,79.67343798,0.255579954,0.9696773959999999,0.782786468,117.8664753,0.25996364899999996,0.978889502,0.841122295,82.3078169,0.256590796,0.972104255,0.7983628629999999,108.43307240000001,4.01e-06,12310.19907,0.065117827,509.9811978,mls
0.34258295,0.981868957,0.8492287959999999,68.04481547,0.340715517,0.97844382,0.819745645,80.83965322,0.34293021100000004,0.9835454440000001,0.861374964,61.75221811,0.34013998700000003,0.974321425,0.7998460059999999,96.29939395,4.04e-06,13661.47972,0.059812128,540.6526072,mls
0.22552788,0.974449377,0.850497202,62.15816311,0.221108836,0.962792089,0.7975599170000001,90.25751302,0.225242933,0.9736094040000001,0.8490317820000001,64.20634686,0.22109796199999998,0.964187413,0.7969763190000001,86.87279113,1.0300000000000001e-05,13738.2619,0.071757476,546.4140436,mls
0.313292026,0.984984118,0.8855445390000001,40.97845936,0.307977495,0.9677593720000001,0.807057774,87.7703896,0.309457617,0.967773887,0.8205229340000001,87.83013396,0.30729047,0.963051203,0.7947071929999999,100.5876925,9.28e-06,14837.612309999999,0.036750145,488.98412429999996,mls
0.382953795,0.984455098,0.862422721,49.48695752,0.380463282,0.975085599,0.801529225,79.28682028,0.38235256700000003,0.9808945859999999,0.847212759,60.81818201,0.38085691200000005,0.978002651,0.8249716579999999,70.00368365,3.47e-06,18406.43863,0.053805049,603.7081632999999,mls
0.246388009,0.977388987,0.838015854,69.987184,0.24268715300000002,0.96851869,0.78236583,97.19372042,0.247012153,0.979743925,0.846961671,62.72021701,0.242921179,0.968635115,0.784655355,96.83427582,9.87e-06,9233.594274,0.076959168,471.7259252,mls
0.28948000399999996,0.98395525,0.8409709459999999,66.997686,0.28564161600000004,0.971819567,0.764714445,117.44965900000001,0.288004043,0.976678809,0.813917102,97.33533806,0.286074066,0.9725747029999999,0.782955471,114.3024242,5.95e-06,16898.63885,0.05229571400000001,574.5522346,mls
0.305087138,0.9776662740000001,0.878702445,56.75951129,0.299707017,0.962558445,0.830857774,94.93590664,0.302432321,0.966106632,0.845169108,86.07733392,0.298381901,0.9579678340000001,0.8209926909999999,106.5757508,7.45e-06,16203.456030000001,0.04900444599999999,555.0432777999999,mls
0.301385975,0.984143509,0.86801446,46.48356483,0.297853913,0.972056018,0.794644499,81.82004817,0.300159425,0.978721416,0.836022543,62.35469771,0.298333463,0.9751046790000001,0.807703422,72.89356277,3.85e-06,20531.51038,0.042726495999999996,632.8668241,mls
0.24580365399999998,0.973294911,0.797267753,63.65317468,0.241907748,0.963322868,0.738772456,87.24506847,0.24512859399999998,0.970182841,0.779423621,71.03038438,0.240483243,0.956785184,0.70892336,102.79646650000001,1.7e-05,7010.1187469999995,0.11043951800000001,401.75686310000003,mls
0.289686559,0.97524314,0.814644536,73.76825381,0.287679862,0.9729488940000001,0.797400572,80.49848195,0.290469535,0.979058355,0.8344886770000001,62.41312066,0.285977647,0.963182777,0.74244523,109.56042,4.52e-06,9067.256454,0.073469023,449.4519921,mls
0.26530472,0.9286167909999999,0.8345211840000001,37.85768549,0.25804104,0.897587714,0.7898468059999999,54.25733083,0.26559504100000003,0.9268774959999999,0.834754807,38.78019943,0.26025902,0.898037513,0.800162336,54.01903039,1.49e-05,6183.040253,0.171439068,350.5665423,mls
0.282805533,0.949778163,0.788821604,64.67378724,0.277237246,0.9199494890000001,0.729765778,102.8762407,0.282641966,0.9445331990000001,0.785503235,71.39909444,0.277958556,0.935394952,0.7433456159999999,83.02663345,1.05e-05,4688.427381,0.18054351300000002,310.8167474,mls
0.303133131,0.9881197970000001,0.895109467,61.00613716,0.29917805199999997,0.9804484509999999,0.8336473440000001,100.1695579,0.30064452,0.981526936,0.853506825,94.77192018,0.298425624,0.976659698,0.817376014,119.58068940000001,8.52e-06,13636.956619999999,0.033245024,537.9174153,mls
0.35832102600000004,0.970571388,0.807145019,71.02407991,0.355346586,0.956789673,0.76672969,104.2238207,0.359441749,0.975585301,0.8402142640000001,58.92670432,0.35688724299999997,0.970095977,0.7955588459999999,72.12885723,1.6800000000000002e-05,9312.569609,0.081870378,421.63952750000004,mls
0.24383982,0.9664372720000001,0.8106676159999999,75.80898158,0.23740120899999997,0.945284303,0.73502948,122.920194,0.24324452,0.9634136320000001,0.80502476,82.61898102,0.238399621,0.9549488290000001,0.7627261120000001,101.2085939,8.04e-06,4568.972324,0.143159756,312.4061952,mls
0.325957663,0.981113224,0.844332292,59.45170053,0.322887667,0.976610157,0.801170972,73.51350441,0.325033993,0.976272082,0.837858392,74.66080771,0.321537919,0.964177825,0.784946215,112.58791210000001,1.32e-05,11560.292459999999,0.058164595,478.22514259999997,mls
0.34518791,0.980088264,0.856338473,52.07512887,0.341095111,0.969781178,0.798388709,78.9240856,0.34262649799999995,0.9687607859999999,0.800117182,81.66204892,0.3393406,0.9571877259999999,0.7429359940000001,111.8150658,2.15e-05,6104.460712,0.071528464,351.38278039999994,mls
0.234600168,0.979966595,0.786850253,67.46831596,0.23142505800000002,0.972251493,0.7233572220000001,93.24494539,0.234357013,0.979405332,0.7767460209999999,69.35947548,0.23123775100000002,0.970460133,0.717141923,99.26455897,1.1e-05,12258.600709999999,0.072852356,537.1227066,mls
0.233725194,0.955275645,0.7592367720000001,91.87725632,0.22765170399999998,0.935161402,0.6899027440000001,132.64615020000002,0.232740781,0.951733408,0.750307983,99.07937257,0.22711214100000002,0.9308720090000001,0.6739893490000001,141.421347,3.5499999999999996e-05,2806.191067,0.19351060899999997,258.0536794,mls
0.298937192,0.981800463,0.797310519,68.94575768,0.295910416,0.975259166,0.746880925,93.54748765,0.299249163,0.982482249,0.799661142,66.37886172,0.295919224,0.975517367,0.744304538,92.57120593,9.95e-06,10033.4896,0.089964017,447.4816608,mls
0.217452497,0.967993765,0.799953259,71.58107106,0.21274472,0.9555630490000001,0.7471235479999999,99.00063649,0.218031217,0.971954166,0.8057715879999999,62.76260635,0.21219782899999998,0.956743771,0.734017693,96.37011794,6.56e-06,14900.34176,0.07544580299999999,542.7034593,mls
0.28643822,0.9838330259999999,0.796853947,69.15247062,0.283793077,0.977671156,0.740124807,95.36580073,0.286238832,0.983561695,0.790504986,70.30425414,0.28371473199999997,0.9773793940000001,0.73636569,96.61190491,5.52e-06,13649.054869999998,0.059990947,558.3185455,mls
0.370254006,0.98465023,0.817158747,96.19175595,0.36754841899999996,0.9767699009999999,0.769981115,145.4901125,0.36971438,0.98102407,0.819931755,118.92415179999999,0.36710102899999997,0.9740481679999999,0.763964102,162.5363304,7.45e-06,10290.567640000001,0.032704212,557.0822918,mls
0.36183508799999997,0.963815425,0.8060465720000001,62.91138091,0.358543834,0.9500562929999999,0.753440848,86.75837376,0.363053966,0.9724679390000001,0.829870578,47.87437343,0.35938623799999997,0.9615478190000001,0.7801690859999999,66.79617627,2.36e-05,6185.168888,0.093428612,346.6585755,mls
0.2581066,0.9805544620000001,0.7734179870000001,79.1284778,0.25506138,0.972972947,0.7223508009999999,109.73861550000001,0.259385227,0.98225111,0.822717178,72.24486266,0.255825066,0.9762401209999999,0.747827963,96.47282597,1.23e-05,7820.318793,0.081613517,460.7809244,mls
0.370446193,0.978353912,0.8242272270000001,67.64050406,0.368924068,0.9772750040000001,0.796252637,70.96968575,0.37112195600000003,0.982144468,0.8373405740000001,55.80260007,0.367732823,0.967044565,0.768153627,102.9191324,3.91e-06,14523.442669999999,0.042036258,512.588515,mls
0.28790625,0.98178132,0.851238898,67.83944313,0.28475506,0.976212505,0.7927293240000001,88.428174,0.287651899,0.9829371579999999,0.83364267,63.54600065,0.284613443,0.973982283,0.793984412,96.71885308,1.4599999999999999e-05,9910.628803,0.075262589,488.33533610000006,mls
0.39104514100000004,0.97147846,0.854639557,62.23850309,0.38807732,0.9587624020000001,0.804553782,90.03167693,0.391169635,0.973437068,0.8392159159999999,57.974576600000006,0.388630015,0.965108139,0.8056285240000001,76.1773943,4.76e-06,9838.610018000001,0.073748388,472.6737097,mls
0.345894388,0.9802448840000001,0.8230977820000001,56.74635182,0.34373422299999995,0.9721363740000001,0.7762569029999999,80.04475271,0.34612325200000005,0.9807261909999999,0.832925823,55.36080575,0.343720691,0.9714685209999999,0.784796243,81.96331656,8.25e-06,17538.84973,0.055798558,607.2976093,mls
0.268500571,0.981424355,0.821024174,89.52011529999999,0.265711209,0.975072589,0.7588581320000001,119.9166534,0.26872582300000003,0.9831791320000001,0.8171392590000001,81.08253005,0.26580369800000003,0.975406271,0.759813691,118.31143030000001,5.91e-06,14526.176459999999,0.0568224,551.9735174,mls
0.294684719,0.98567766,0.8538978159999999,61.82060051,0.292158999,0.979948762,0.804025853,86.42053990000001,0.29433497399999997,0.9848415709999999,0.844171138,65.42186222,0.291802577,0.978759807,0.791135618,91.54492105,1.23e-06,21040.52524,0.049240485,664.2186499,mls
0.3300587,0.9894188620000001,0.846348977,58.82730354,0.326591438,0.9813868490000001,0.772653557,103.30912629999999,0.32830584399999996,0.984182087,0.814818789,87.87671831,0.326443847,0.9801813540000001,0.7718685120000001,110.0000253,5.58e-06,21968.48562,0.030371695,635.6441386,mls
0.317566161,0.964104831,0.851904258,254.51396549999998,0.296899978,0.923188124,0.713033018,536.1462843,0.303604435,0.929639909,0.766972656,494.54444440000003,0.297462463,0.91936799,0.747955322,562.8107864,0.000202901,586.5972732000001,0.120370054,99.57906193,mls
0.283145969,0.961215565,0.7311455040000001,110.73888889999999,0.278738788,0.948743329,0.6717235090000001,146.2573086,0.28336971699999997,0.960915697,0.736381538,111.64088170000001,0.27853116,0.9435713090000001,0.675707307,161.0153041,3.5100000000000006e-05,3595.086678,0.148592332,287.12316880000003,mls
0.280213023,0.9790015540000001,0.861682805,52.71429644,0.276581739,0.971274007,0.81691635,71.97670739,0.27904087,0.976373328,0.83951439,59.29957277,0.275161173,0.965885322,0.7856199,85.47875627,1.05e-05,13799.87375,0.068513755,545.2418741,mls
0.30699738,0.964178655,0.814229891,59.13375644,0.302261562,0.9480379859999999,0.7581730459999999,85.77743472,0.305250328,0.95475211,0.77724747,74.77136822,0.30153175600000004,0.9457119140000001,0.755517875,89.61724972,1.4800000000000002e-05,6839.632167,0.133559333,377.5098704,mls
0.257543702,0.967211013,0.751726738,93.72463567,0.25390532,0.955374851,0.6957722059999999,127.2159645,0.258434918,0.971532243,0.772834705,81.40406704,0.253801231,0.956679043,0.687180758,123.4980142,1.23e-05,7649.821409,0.10284314800000001,396.9666135,mls
0.300665405,0.986164714,0.834448808,78.07637571,0.297753398,0.978616513,0.768406472,120.4859476,0.299876258,0.9842944779999999,0.8119350129999999,88.60586781,0.29787391399999996,0.980057499,0.769040742,112.3666649,4.28e-06,18909.99776,0.042669636,637.826742,mls
0.416690919,0.9735830870000001,0.847907625,83.98760314,0.41224890200000003,0.963816109,0.8140650629999999,114.892859,0.417397102,0.9754011490000001,0.862731197,78.20405715,0.41223682799999994,0.965147467,0.8022648920000001,110.66546729999999,5.16e-05,2215.889259,0.13655076800000002,235.89602430000002,mls
0.269309829,0.9713779159999999,0.846848017,63.68297989,0.264527907,0.9533259409999999,0.7900181359999999,103.71238100000001,0.26808085,0.96383332,0.8202115809999999,80.4617479,0.26419469100000004,0.9540307290000001,0.782634781,102.146302,5.6e-06,17011.10702,0.055910075,582.6196552,mls
0.296082206,0.973948988,0.759019551,120.4549206,0.292181595,0.96356298,0.6755433390000001,168.2164414,0.295181017,0.9709996129999999,0.730038271,134.0808594,0.29169739699999997,0.957919885,0.663587049,194.26855319999999,2.52e-05,4842.688518,0.092239824,342.22086410000003,mls
0.28096007100000003,0.970834249,0.8414257890000001,66.8909798,0.27551995100000004,0.951076228,0.771625133,111.89071170000001,0.27968406100000004,0.9631864290000001,0.807149711,84.35553824,0.276386708,0.957364847,0.783153267,97.50837739,8.3e-06,8250.598572,0.09754733199999999,413.539804,mls
0.282491398,0.9871088179999999,0.9051454959999999,35.2345971,0.27887245,0.9824695529999999,0.871579242,47.81755037,0.282280203,0.9862182070000001,0.903316758,37.66791719,0.278526396,0.98059223,0.8674607740000001,52.93829691,6.35e-06,26219.393490000002,0.052906508,723.7547476,mls
0.216769774,0.957083603,0.773602151,109.0747855,0.21016512899999998,0.937030101,0.701292569,159.2940676,0.216548045,0.9559368490000001,0.776184709,111.9511976,0.211036663,0.936940841,0.727653752,159.51986680000002,1.59e-05,4376.424486,0.14368056099999998,316.53398910000004,mls
0.304094137,0.9737618029999999,0.85200187,49.96635557,0.298804857,0.961647101,0.800492126,72.79337773,0.30267047199999997,0.968627117,0.832108321,59.70829819,0.298364895,0.9586471440000001,0.788617852,78.48726283,2.52e-05,4686.339758,0.14158155,319.2974112,mls
0.34868032,0.9794176729999999,0.890361618,45.54308139,0.344260419,0.968320795,0.8455654859999999,69.95279620000001,0.348414313,0.97839023,0.88629321,47.81313799,0.34495469,0.973971613,0.859820755,57.47487777,4.64e-06,6144.095346,0.12119047,354.2319912,mls
0.281146907,0.9815797490000001,0.8565502840000001,71.17900792,0.276470787,0.9727662009999999,0.796864152,104.97165259999998,0.27965725199999997,0.978041018,0.835580202,84.82258586,0.27678747600000003,0.9718902979999999,0.7982984240000001,108.3477875,7.12e-06,13269.9936,0.063307988,524.9886392,mls
0.34066682299999995,0.969636141,0.811981244,113.1087443,0.33532102199999997,0.957054022,0.7503415059999999,159.507676,0.342487152,0.9764787140000001,0.83152257,87.68648951,0.33697269399999996,0.965758103,0.782136238,127.1794402,5.39e-05,2844.418232,0.148560955,239.36270860000002,mls
0.320049282,0.981926007,0.835286124,96.68447615,0.315897812,0.969874885,0.75512833,160.8454352,0.318898392,0.9789658990000001,0.807997698,112.4842412,0.316664577,0.9739992279999999,0.772148057,138.8245514,6.37e-06,11146.03783,0.058748397,473.28343870000003,mls
0.319961425,0.97267792,0.821866322,78.10833013,0.314093829,0.9510920340000001,0.73779302,139.5797659,0.317832619,0.962278931,0.7785475359999999,107.811851,0.315805829,0.96100989,0.775431167,111.27492930000001,9.79e-06,6696.445031,0.083333223,370.2098382,mls
0.34413189,0.9852352940000001,0.854269024,50.69747304,0.34182598799999997,0.981313105,0.804252793,64.11080168,0.343947104,0.984548036,0.8494287009999999,53.05878228,0.341555141,0.977496432,0.79985045,77.20500109,9.97e-06,16502.5329,0.058954797,587.7285049,mls
0.325348653,0.973040853,0.845856533,69.7960462,0.32089301,0.961283283,0.784496635,100.0963509,0.324185769,0.968862938,0.80982746,80.598004,0.321138017,0.959440629,0.779541685,104.86026000000001,1.51e-05,7326.046488,0.099680429,395.6188118,mls
0.285950233,0.978828914,0.875394621,51.43132119,0.28007718600000003,0.966438305,0.8240488979999999,81.29484193,0.28522448699999997,0.9748184520000001,0.865248412,61.14034172,0.280310952,0.968281497,0.832855369,76.83016741,6.46e-06,13729.59046,0.068324103,527.0219291,mls
0.26256656,0.982549332,0.877136975,44.46980563,0.25616946399999996,0.9642300570000001,0.787832949,90.84242269,0.258034335,0.965109247,0.799591646,88.75770646,0.255144549,0.9576869570000001,0.758323379,107.4594773,1.1400000000000001e-05,10187.87731,0.044016128,444.05985489999995,mls
0.28499547199999997,0.9806788559999999,0.8634511290000001,35.02389086,0.281443896,0.96969856,0.8096294059999999,54.84817522,0.2846526,0.978372195,0.859057236,39.201882899999994,0.2818719,0.9734577940000001,0.8218772459999999,48.04364255,2.24e-06,20303.49121,0.066364703,644.1918542999999,mls
0.340559835,0.985615617,0.8416174129999999,43.98119633,0.337777496,0.976400457,0.784296013,72.08632893,0.33998293799999996,0.982632732,0.834442637,53.09135185,0.338038777,0.9785886909999999,0.7892811540000001,65.40222711,3.55e-06,20019.697969999997,0.051911760999999994,626.6528653,mls
0.27116107100000003,0.969306094,0.813082429,62.15790694,0.267458794,0.956822897,0.77006114,87.36063361,0.270308282,0.9653976320000001,0.8085038529999999,70.08510121,0.266834085,0.951003975,0.755511055,99.13411208,1.21e-05,12665.44728,0.081293725,504.7236357,mls
0.327770964,0.986545335,0.846889309,42.45566175,0.324773961,0.979832688,0.800850767,63.55390322,0.32795297,0.987215834,0.8485760640000001,40.34655881,0.325211939,0.9835348709999999,0.798762431,51.88709389,9.25e-06,17430.7788,0.049392369000000005,575.6890543,mls
0.331673006,0.978823097,0.8511774740000001,257.2782687,0.328604849,0.975124078,0.817989964,301.4937828,0.33442252,0.984422417,0.8757677359999999,189.4740612,0.328519052,0.974342994,0.82047743,310.9604409,2.0399999999999998e-05,4121.652882,0.054856842,305.7282915,nomls
0.30784925,0.982101876,0.810268186,83.85830697,0.304646653,0.9733424,0.753014393,124.6581311,0.308280563,0.98295677,0.8231041590000001,79.86046939,0.30550328600000004,0.978203649,0.772965345,101.92562120000001,1.5399999999999998e-05,11123.89316,0.069358277,470.3392443,nomls
0.376688416,0.975659827,0.82048245,144.55306399999998,0.374145055,0.974942015,0.7963075270000001,148.52908689999998,0.37990987,0.983180107,0.852592811,99.98697501,0.37170623,0.965889021,0.7713993509999999,202.1899429,3.59e-05,2639.081408,0.149381066,197.12754980000003,nomls
0.262692407,0.955401773,0.840132691,93.88367052,0.253582085,0.936954078,0.7820279109999999,131.2582811,0.26428365600000003,0.955672816,0.84527067,93.29850644,0.253633235,0.937991659,0.7914134540000001,129.09809280000002,4.84e-05,1297.314823,0.291063445,167.034422,nomls
0.24527426800000002,0.97809759,0.850290093,148.03172130000002,0.238892258,0.966974717,0.796484492,221.5162485,0.24387589899999998,0.972790825,0.8461674490000001,183.594813,0.23827469,0.9631428040000001,0.79058186,247.21870619999999,2.64e-05,3312.031713,0.088060259,289.03911969999996,nomls
0.36470633,0.982471216,0.8178081309999999,92.52600194,0.36171074299999995,0.975041997,0.772299388,131.5722101,0.364684386,0.98179955,0.8241099190000001,96.07351521,0.361734702,0.975933425,0.760451234,126.87282759999998,3.77e-06,7939.083356,0.071779988,405.8982352,nomls
0.258428247,0.947156488,0.675103905,230.82139680000003,0.247981621,0.915181245,0.589828499,365.4533974,0.252247616,0.916483105,0.633731488,363.28476820000003,0.245355145,0.89500437,0.57883142,452.38826919999997,0.000162518,692.9176607,0.215764118,122.02156869999999,nomls
0.389635231,0.97525028,0.796404615,215.8351676,0.38557833799999996,0.9703767040000001,0.743560715,257.7419054,0.388831579,0.971944325,0.794289348,244.6163367,0.38394478,0.960354422,0.7334084340000001,344.9422714,7.01e-05,2162.712767,0.098980905,206.35152069999998,nomls
0.327262195,0.97667774,0.875771541,192.9331946,0.324774453,0.9761919059999999,0.863346671,196.3523207,0.332384105,0.984260673,0.914668035,130.39468090000003,0.321765684,0.967546676,0.840025592,267.652061,1.86e-05,3167.942357,0.05721117,274.33308769999996,nomls
0.39106804700000003,0.988943275,0.866310238,74.82462267,0.38865695299999997,0.9854002629999999,0.81517045,98.72525723,0.39109011,0.9897307959999999,0.865936222,69.49043125,0.38879783799999995,0.98486197,0.828892052,102.36526459999999,7.05e-06,19408.62511,0.041671852999999995,615.5967663,nomls
0.5450413129999999,0.986662027,0.918121341,122.2538197,0.544174741,0.987860938,0.9184789320000001,111.31251280000001,0.545235469,0.9870477390000001,0.9227306279999999,118.72306909999999,0.541076772,0.976030187,0.8663661359999999,219.7978856,6.11e-06,4494.475695,0.032831651,291.3819359,nomls
0.37846503200000003,0.964483098,0.891714468,327.39069969999997,0.368107722,0.951517205,0.864035168,443.945938,0.380206119,0.960885393,0.9128521390000001,359.94378439999997,0.36642704200000004,0.945755867,0.859746857,496.70119810000006,0.000247368,525.2830276999999,0.181088255,106.23556529999999,nomls
0.331450052,0.984584254,0.872215015,163.684521,0.327967938,0.9789356159999999,0.834312353,223.26372659999998,0.333410962,0.9880457309999999,0.882871924,127.0165746,0.328498377,0.982072952,0.8323181409999999,190.0107582,1.4099999999999999e-05,8732.819721,0.032950329,431.5722113,nomls
0.340688881,0.978554852,0.8830210959999999,194.4413095,0.336737455,0.97438477,0.845770129,231.71942180000002,0.344067277,0.9866145470000001,0.905766788,121.5288226,0.337921375,0.9772219259999999,0.8625986590000001,206.0540639,2.6700000000000002e-05,4932.358178,0.051524707999999995,297.13246749999996,nomls
0.647289706,0.983880773,0.953319368,159.6116235,0.642541489,0.9717561720000001,0.925451048,280.10614289999995,0.64577153,0.979906877,0.94336246,199.03059319999997,0.643817156,0.97693006,0.932436864,228.7944787,2.3e-05,2901.4349859999998,0.018055569,200.95289350000002,nomls
0.47617217100000003,0.9647940779999999,0.92100671,380.6623042,0.46540648700000004,0.9487921420000001,0.870979288,553.1238837999999,0.474426105,0.962939161,0.907939653,400.7105368,0.46882111200000004,0.9551306509999999,0.8996343659999999,484.6582034,9.96e-05,531.8561032,0.152607155,100.9379158,nomls
0.442098105,0.983330312,0.817315056,119.8826591,0.437886055,0.970473116,0.7416221270000001,212.22314869999997,0.439600745,0.974733035,0.780236343,181.66454850000002,0.43775147600000003,0.9694008,0.744477941,219.9303653,1.67e-05,5602.675439,0.039282336,338.65100839999997,nomls
0.31425839899999997,0.985781742,0.78911924,58.293133,0.311902243,0.980546038,0.725757013,79.66527211,0.31430846,0.9864214659999999,0.7890906740000001,55.66821089999999,0.311984854,0.9805848009999999,0.7323342279999999,79.50653624,8.98e-06,18751.828080000003,0.061903814,609.8604948,nomls
0.434804254,0.9669618729999999,0.748153373,310.1347265,0.430313425,0.96151037,0.735331837,360.7340633,0.433185821,0.9609368709999999,0.733560619,366.55625710000004,0.42709443799999997,0.9440257409999999,0.670683017,524.6042091,0.000171218,554.165043,0.15920430800000002,132.95735349999998,nomls
0.495995312,0.965451765,0.857004787,188.418432,0.48930579399999996,0.9491827409999999,0.8005337159999999,277.1457396,0.496119586,0.9663086909999999,0.8415376659999999,183.7552507,0.49062653799999995,0.955465729,0.808143348,242.8797546,0.000176198,836.9760125,0.032529305,137.1340515,nomls
0.31803225,0.985071776,0.877905375,124.92477679999999,0.312095183,0.9719161609999999,0.815128346,234.1316921,0.31504526899999996,0.97756689,0.841103892,187.482799,0.312777192,0.9759917779999999,0.815700655,200.15374730000002,1.51e-05,5244.214473,0.055930327,329.39009480000004,nomls
0.434454681,0.9743899840000001,0.831017608,307.703729,0.430686711,0.967765595,0.7977088000000001,386.9979968,0.43579939799999995,0.977267634,0.837852305,273.18775469999997,0.429973382,0.964966601,0.77935157,420.60200319999996,3.6200000000000006e-05,597.1828476,0.085320495,202.54327469999998,nomls
0.31865609999999994,0.9831800690000001,0.892311994,144.7941256,0.313677026,0.974829809,0.8472120679999999,216.05905800000002,0.318351436,0.982358044,0.88380156,151.886686,0.314223925,0.976727956,0.847286645,199.7655092,2.2800000000000002e-05,4861.273397,0.059765325999999994,359.565418,nomls
0.34021471,0.942651572,0.895589794,552.9158611,0.317159568,0.909872655,0.831031868,853.3582687999999,0.33051180199999997,0.929081754,0.869272009,678.3264803,0.31662809199999997,0.9077386270000001,0.83706717,873.5640210000001,0.00033546300000000004,324.89015689999997,0.098780226,80.78753559,nomls
0.38359680700000004,0.9705953709999999,0.759879985,188.63008530000002,0.380912094,0.96421396,0.734369939,229.2990824,0.38579091,0.97895571,0.826684456,135.0405436,0.380783517,0.9641717329999999,0.717776472,229.5696503,1.9699999999999998e-05,4279.267201,0.070124191,300.8437465,nomls
0.470421424,0.98560703,0.842231691,123.4028467,0.46805953299999997,0.978689714,0.7932644740000001,182.7054323,0.46974231,0.982756363,0.8241546190000001,147.8434104,0.46770505700000004,0.9770148999999999,0.7889341609999999,197.0645809,7.21e-06,9760.952497,0.022527336000000002,516.1788968999999,nomls
0.28154519899999997,0.988433993,0.877458807,58.45151876,0.27610898,0.978868576,0.8033233259999999,106.4465244,0.278472167,0.981554885,0.837048819,93.06038757,0.276153644,0.9784869890000001,0.806412116,108.36871740000001,5.11e-06,22877.4957,0.025946548,635.9144955,nomls
0.472277775,0.9827627390000001,0.9231606609999999,243.1497787,0.468998408,0.978053375,0.902513665,309.4866499,0.473686144,0.9857907859999999,0.934063144,200.4574948,0.468939879,0.97777229,0.899095434,313.4504464,2.2800000000000002e-05,3399.765036,0.040353415,315.08662339999995,nomls
0.510361716,0.954282788,0.9393431040000001,703.5670824,0.49976493299999997,0.942256588,0.9140005040000001,888.1829105,0.509958402,0.958616183,0.93340949,636.9153213999999,0.49559129700000004,0.9324600140000001,0.901698537,1038.86935,0.000463321,353.69753110000005,0.103806508,83.14860629,nomls
0.585561025,0.981598655,0.9118154,169.7398559,0.583576082,0.979061255,0.8828101829999999,193.28333669999998,0.586242174,0.9829331029999999,0.91276086,157.40162769999998,0.581957408,0.9722610559999999,0.881973448,256.05524330000003,1.6e-05,2597.010523,0.041474147,234.54006329999999,nomls
0.393688761,0.959733332,0.868956513,374.6436578,0.371740484,0.913705595,0.743892056,797.0417364,0.383707698,0.939374569,0.800700528,562.7702703,0.38064230600000004,0.942281943,0.817867624,533.1017699,0.000204095,367.9162577,0.179247541,81.31379315,nomls
0.5208791079999999,0.971899649,0.8513531559999999,249.01558140000003,0.515471997,0.958942305,0.816493185,363.9787637,0.519880184,0.9659619420000001,0.841301482,301.57926230000004,0.514760361,0.9553844920000001,0.789649278,395.5189835,0.00011857799999999999,681.4134585,0.090232884,148.5008718,nomls
0.38980698399999997,0.978765453,0.798783695,195.7510229,0.387520562,0.975611235,0.7453345029999999,224.6163267,0.390646228,0.980780248,0.786814543,177.2376793,0.38625652899999996,0.9682862870000001,0.7413722890000001,292.0778372,1.51e-05,2844.484634,0.054362214000000006,306.8008798,nomls
0.304827923,0.983153939,0.819151087,111.995806,0.29938743100000004,0.969951023,0.726416072,199.16933390000003,0.302285992,0.9756001409999999,0.7822372479999999,162.0485417,0.299896688,0.97186406,0.7465165359999999,186.4894279,1.66e-05,4070.8551159999997,0.058192605999999994,337.0247762,nomls
0.603104423,0.959457162,0.9268412009999999,476.77596780000005,0.595371532,0.9416933820000001,0.889150496,686.9841954,0.6063795329999999,0.968937355,0.9274595929999999,365.0728606,0.599427765,0.955664796,0.9113673179999999,522.3692529,0.000310667,492.6924194,0.049548743,97.78562768,nomls
0.486022649,0.981720519,0.849908801,171.7323505,0.48162134100000004,0.9702155990000001,0.799054807,279.8840037,0.48456627399999996,0.97790201,0.8360533490000001,207.6288722,0.482186632,0.972183841,0.8094826190000001,261.38843629999997,2.0300000000000002e-05,3038.4287059999997,0.033155682,304.48679889999994,nomls
0.40119412,0.987527443,0.900939377,106.287143,0.397884336,0.980603207,0.861623149,165.151413,0.40075057799999997,0.985725215,0.8977423529999999,121.64018159999999,0.398331454,0.98218709,0.868117,151.6656484,3.96e-06,9576.325736,0.052999342000000005,488.87084389999995,nomls
0.36245741600000003,0.9892272520000001,0.886788385,110.96270940000001,0.359522805,0.986087728,0.837634969,143.07691880000002,0.361147592,0.986728375,0.8645322120000001,136.64303569999998,0.358363838,0.980301612,0.8296985640000001,202.58263159999998,1.1599999999999999e-05,11530.65612,0.030129771,485.8664951,nomls
0.427960781,0.985337529,0.876158975,175.91585700000002,0.423869723,0.976823908,0.8313042159999999,277.8156552,0.42680196299999995,0.98267746,0.868604115,207.7815585,0.424190036,0.978316583,0.8273591029999999,259.9227075,2.11e-05,5531.237247,0.033706067,353.48177139999996,nomls
0.49960424,0.97560256,0.8068686970000001,220.06656800000002,0.494525526,0.959627094,0.7521263779999999,364.2295457,0.499804056,0.9759635040000001,0.824066346,216.7963696,0.497020756,0.9720179529999999,0.78652209,252.443761,9.120000000000001e-05,1168.8338019999999,0.055409667999999995,185.0197784,nomls
0.281726839,0.9865204390000001,0.867268115,92.94630007,0.275442782,0.9751960340000001,0.799529547,170.2917615,0.27882645899999997,0.978463654,0.8378996759999999,148.2666146,0.27563853899999996,0.975060747,0.801753688,171.2205801,1.04e-05,9712.957422,0.051649427000000005,431.1028687,nomls
0.488241049,0.990606454,0.932059484,105.6588841,0.485849841,0.98721118,0.9078678170000001,143.83305990000002,0.48741684700000004,0.98942338,0.923536584,118.9628899,0.484981659,0.984852176,0.8947311809999999,170.3642586,6.76e-06,13699.567519999999,0.011942051,488.43310030000004,nomls
0.256126273,0.978971732,0.83889012,171.82297119999998,0.251490273,0.970475491,0.7855765090000001,240.2068511,0.25566830100000004,0.979624251,0.827832736,166.4423059,0.250858939,0.970332345,0.7685086,241.3714636,1.21e-05,4985.055759000001,0.056580872000000004,404.95923270000003,nomls
0.35340139600000003,0.978115902,0.802901262,155.9245213,0.349794534,0.969513411,0.753404263,216.8956025,0.35335576399999996,0.975694552,0.81891268,173.1891231,0.34879023200000003,0.9636358309999999,0.750151455,258.7114108,9.94e-06,2936.198006,0.064652933,319.197705,nomls
0.550589199,0.986166668,0.879211379,70.08995972,0.548628049,0.978620247,0.8464148220000001,108.36739180000001,0.550358225,0.9846572690000001,0.880104005,77.73740982,0.5487165629999999,0.9793220990000001,0.842332416,104.8099217,4.27e-06,13685.4864,0.02743517,486.38901469999996,nomls
0.277026094,0.9702821840000001,0.7973796409999999,202.6132267,0.271173509,0.956670635,0.706922442,293.9046693,0.277108483,0.9715745720000001,0.7878604290000001,193.87779519999998,0.272191338,0.961436018,0.7410175640000001,261.5809014,5.3500000000000006e-05,2029.9953690000002,0.117173767,238.9341221,nomls
0.342510023,0.98119374,0.7763798140000001,132.0152856,0.338637817,0.9707075270000001,0.699605273,205.21059350000002,0.341611481,0.9777328009999999,0.7626410570000001,156.2519354,0.33886849700000005,0.970823577,0.7234063740000001,204.397595,1.31e-05,5458.707633,0.066185439,358.0626425,nomls
0.26166213,0.99153451,0.848579172,70.56587053,0.257842298,0.986987272,0.800458892,108.19282040000002,0.261388037,0.9903526570000001,0.846410267,80.37284286,0.25781717600000004,0.987302033,0.795985925,105.57577979999999,2.95e-06,31502.76038,0.028621182000000002,776.7282232999999,nomls
0.344017739,0.9817093170000001,0.851625727,159.5470976,0.34061510700000003,0.975456764,0.8138600290000001,213.6258529,0.34455736600000003,0.982728003,0.858420638,150.67902469999999,0.339808354,0.973000733,0.797065351,235.0032985,1.7199999999999998e-05,4473.0056030000005,0.063162179,344.38679360000003,nomls
0.571300104,0.976631645,0.885874449,253.4260999,0.568621343,0.9717885909999999,0.858414242,306.18119260000003,0.572776372,0.9819962659999999,0.910789622,195.25522560000002,0.567801138,0.967925767,0.8643931220000001,348.10479460000005,2.56e-05,3501.26854,0.044399209,243.51039419999998,nomls
0.322459853,0.9828702309999999,0.79112975,90.32668382,0.317714194,0.967546535,0.708877552,170.7836577,0.32109513300000003,0.976653241,0.778116743,123.0516902,0.319100404,0.9748388659999999,0.752543084,132.40837390000002,9.97e-06,4946.0980549999995,0.07679130599999999,362.6716668,nomls
0.271565028,0.9800697759999999,0.797264807,153.37321699999998,0.268627867,0.97482422,0.7480012970000001,193.19920980000003,0.272814236,0.983551365,0.822669931,126.6829699,0.268466833,0.974046194,0.74829055,199.1697862,1e-05,10122.20502,0.05260481,453.7782117,nomls
0.37308408,0.984155883,0.862428676,90.66998554,0.368686639,0.9722215959999999,0.802358866,158.6993835,0.371495925,0.9789283329999999,0.847306076,120.5142289,0.36912106299999997,0.975118066,0.81075319,142.1517049,1.0300000000000001e-05,6919.303456000001,0.053293581,387.2281,nomls
0.34945072299999996,0.983231155,0.82844844,107.64157730000001,0.346236735,0.9779280890000001,0.76539079,141.4267767,0.348552501,0.9816362890000001,0.798873335,117.8474981,0.34562503899999997,0.9746947779999999,0.755995582,162.1443625,1.6100000000000002e-05,6780.264705,0.06343197,393.8964641,nomls
0.224889487,0.95218406,0.7669842659999999,226.27243509999997,0.21775903800000002,0.93571366,0.687279332,301.581435,0.227446486,0.9652102159999999,0.7778610570000001,165.197667,0.21879079199999998,0.9406528809999999,0.705442777,278.41045610000003,5.91e-05,1279.873993,0.149873455,193.190245,nomls
0.255068552,0.9802293459999999,0.85772102,99.64378127,0.249658811,0.968216656,0.7981686,159.3994533,0.25373896100000004,0.9765243490000001,0.845819702,118.2010632,0.249080907,0.96638769,0.7867519159999999,168.57206230000003,1.4999999999999999e-05,4874.158968,0.072538756,372.21977519999996,nomls
0.410854916,0.974560276,0.792386943,115.9642054,0.406687213,0.96075929,0.720438081,178.7769043,0.410091589,0.972415322,0.776554657,125.74395700000001,0.407226177,0.964583215,0.7204374029999999,161.3554687,3.37e-05,2576.116357,0.102778568,267.8801612,nomls
0.273628073,0.955619807,0.708206945,160.5787118,0.268260932,0.942647846,0.639838256,206.43867769999997,0.27521414,0.960534927,0.7547860670000001,142.85474140000002,0.26807912,0.940767458,0.66256765,213.20712230000004,4.35e-05,1272.800778,0.20981594399999998,186.58901930000002,nomls
0.360163832,0.98548478,0.825583073,86.73602283,0.357596829,0.980194067,0.7650444759999999,118.22100390000001,0.359581001,0.984448003,0.8012141540000001,92.91622417,0.357151977,0.977836168,0.7564908090000001,132.2952296,1.05e-05,10017.51903,0.050900584000000006,493.7777437,nomls
0.39561283399999997,0.978714192,0.789200989,167.92870290000002,0.390016984,0.963680778,0.693393873,286.1915924,0.393096158,0.9717128140000001,0.7354306209999999,223.07445409999997,0.390208186,0.964864809,0.703984125,276.8615514,3.05e-05,2518.819154,0.06059617900000001,251.8384566,nomls
0.399831503,0.968246774,0.826389175,52.60274561,0.39702850700000003,0.956998913,0.7863806870000001,71.19611219,0.40020437200000003,0.9706785309999999,0.833359745,48.56937811,0.397146485,0.9576144190000001,0.7867154390000001,70.17703095,1.86e-05,8224.897917,0.104111519,398.44249160000004,nomls
0.35018569299999996,0.9886743720000001,0.8831251529999999,73.47210316,0.346364911,0.982157231,0.830441413,115.5651857,0.349417245,0.98682456,0.877398604,85.4406116,0.34717934200000006,0.9844401220000001,0.845044991,100.7792074,4.32e-06,10890.69638,0.046915742999999996,524.4438833,nomls
0.24010668699999999,0.967936173,0.7775467229999999,165.8059741,0.23385884199999998,0.950671336,0.677453867,253.50458790000002,0.239212216,0.966056147,0.740385292,175.45302719999998,0.235342071,0.9574816620000001,0.729431345,218.50568769999998,1.64e-05,2202.711358,0.13229304,248.93486830000003,nomls
0.225832098,0.9831757720000001,0.8493351640000001,101.544611,0.22182451,0.975106835,0.8039451790000001,149.6321403,0.22619588399999999,0.9831545190000001,0.8550470459999999,101.66487690000001,0.22139335699999999,0.975537103,0.793651221,147.04580869999998,2.83e-06,7862.041066,0.048086727999999995,526.6630437,nomls
0.394280565,0.976850468,0.8379393359999999,151.83083349999998,0.391033454,0.969832558,0.8051737590000001,197.6018243,0.395517606,0.980456716,0.851578046,128.2194278,0.391506614,0.9730000240000001,0.7961605629999999,176.8543905,4.4e-05,2653.780937,0.072952301,266.37397269999997,nomls
0.606039279,0.96333888,0.8803041909999999,303.1732712,0.596725791,0.936237839,0.823186083,528.7571317,0.6029449060000001,0.956342128,0.856854055,361.4976595,0.601060233,0.955939744,0.847756891,365.3761755,0.000149152,802.0072024,0.049207953,110.4083122,nomls
0.27599179,0.964093017,0.736395191,245.6133359,0.268526075,0.9456267840000001,0.6863190159999999,369.2118606,0.274693714,0.959368916,0.739031773,277.73968199999996,0.268742669,0.9475763290000001,0.6823205929999999,355.9738171,3.65e-05,678.9550786,0.166551065,170.2806042,nomls
0.274178019,0.981595164,0.87725694,101.88740370000001,0.266071874,0.968941603,0.816189402,170.9072103,0.271822338,0.9770655309999999,0.860541639,126.8101001,0.266880345,0.972397975,0.8238010109999999,151.8875879,1.67e-05,4485.388507,0.09326930900000001,319.8014485,nomls
0.277109767,0.9773215679999999,0.81567614,173.7340624,0.272173963,0.9695513790000001,0.748110789,232.22445860000002,0.277082366,0.976174202,0.815844297,182.5401244,0.271726501,0.964513025,0.768158938,270.65079449999996,1.05e-05,2489.527275,0.083436202,289.3715119,nomls
0.293329308,0.9810639059999999,0.7770508690000001,124.92309240000002,0.291175445,0.977336148,0.731493155,149.2604155,0.294352552,0.984937266,0.791387427,99.44435895,0.290564579,0.974138385,0.709240489,170.32036200000002,7.72e-06,10931.21136,0.047003869000000004,482.47545660000003,nomls
0.260069683,0.9854370440000001,0.821857691,96.93269482,0.25548805,0.9767964159999999,0.761756474,153.7838315,0.258908242,0.9819928859999999,0.8066846409999999,119.74948710000001,0.255577765,0.9781136570000001,0.7576047770000001,145.0537024,8.61e-06,8952.231182,0.055189377000000005,438.38075219999996,nomls
0.34057486200000003,0.982860872,0.84394584,168.0907631,0.33595296399999997,0.9761480509999999,0.79097483,233.22973419999997,0.339367074,0.980165363,0.832102707,194.4135115,0.335763816,0.974560071,0.7912813809999999,248.7573618,2.24e-05,4940.023661,0.071520817,318.5848244,nomls
0.320454946,0.986418681,0.865702338,70.94061208,0.317382497,0.982652878,0.826453285,90.4204403,0.320006726,0.985109879,0.8618918609999999,77.75211156,0.31633935399999996,0.9782333740000001,0.8062764179999999,113.4567383,1.1599999999999999e-05,12827.85677,0.052568625,503.0723848,nomls
0.293172533,0.979146755,0.844229737,196.4072083,0.288648002,0.9710874629999999,0.794111738,271.37706710000003,0.294499279,0.982816207,0.8561936609999999,161.9708974,0.28903612100000003,0.974129421,0.802206328,242.8248287,1.95e-05,5350.11197,0.060765968,351.0891533,nomls
0.479039316,0.96653049,0.8831254740000001,471.9479632,0.473496378,0.963264164,0.860630565,517.4693213,0.480081131,0.9663768070000001,0.901498063,474.08227180000006,0.46827572799999995,0.944716456,0.845732748,778.7365388999999,0.000303267,512.1079546,0.097762784,104.28812099999999,nomls
0.208163773,0.97606438,0.846202997,141.61311990000002,0.202219061,0.965533128,0.792314605,202.444161,0.20714002199999998,0.975369092,0.833666543,145.6735867,0.201404382,0.9652201690000001,0.774203203,204.2823534,1.47e-05,5906.61309,0.066596535,389.895416,nomls
0.367105708,0.986938338,0.863870567,99.63590993,0.36361264,0.9789665129999999,0.80134856,160.2667623,0.366746454,0.9857897290000001,0.8550653109999999,108.39969779999998,0.364631342,0.982891145,0.823199178,130.3626309,2.48e-06,11206.94048,0.051647384000000005,501.124863,nomls
0.352519753,0.9801187790000001,0.844918305,117.6594308,0.346877579,0.9663414840000001,0.768389458,198.6289236,0.349404869,0.9709896790000001,0.8074502809999999,171.45416719999997,0.346618869,0.96412238,0.7739123309999999,211.72451380000004,1.83e-05,5425.275788,0.050326523,321.96792389999996,nomls
0.277104499,0.984731774,0.8516469609999999,64.57525789,0.273091723,0.975244187,0.795010715,104.416413,0.276171658,0.98115393,0.8433940000000001,79.66550090000001,0.272976829,0.97488047,0.792583325,105.950519,9.71e-06,8493.375731999999,0.061296737999999996,492.21911789999996,nomls
0.334525905,0.982897103,0.83035342,130.8754753,0.33050228,0.976874535,0.776122205,176.4661924,0.333711977,0.981201043,0.819787473,143.7836845,0.33029733699999997,0.9753611940000001,0.777355334,188.01422130000003,1.99e-05,5665.995965,0.077842229,339.8950769,nomls
0.36428545700000003,0.9827090890000001,0.831592453,105.8202937,0.36084410299999997,0.9734404329999999,0.761572967,162.3464553,0.363288275,0.979507864,0.798160808,125.3888774,0.360948757,0.9740585209999999,0.762097315,158.5683644,1.1e-05,7446.1898790000005,0.05647522,415.2772608,nomls
